model,cv_rmse,test_rmse,test_mae,test_r2
RandomForest,8.601623989267898,15.022238610768527,6.92010963414633,0.7894901659178543
