best_model,test_rmse,test_r2
RF+Impute,21.87853468734294,0.5534814141454159
